ISBN,Titel,HauptschlagwortBuch,Rezept,Seite,Basiszutaten,Kategorie,Bewertung,Dazu passt
978-3-440-12248-8,Biokisten Kochbuch,,Frühlingszwiebelsuppe mit Radieschenblättern,17,Frühlingszwiebeln; Radieschen,Suppen,,
978-3-440-12248-8,Biokisten Kochbuch,,Frühlingszwiebelgemüse mit Kohlrabi und Kerbel,17,Frühlingszwiebel; Kohlrabi,,,
978-3-440-12248-8,Biokisten Kochbuch,,Spargeltarte mit Kartoffelguss,18,Kartoffeln; Grüner Spargel; Kräuter,Tartes; Quiches,,
978-3-440-12248-8,Biokisten Kochbuch,,Spargel mit Kerbel-Knoblauch-Pfannkuchen,21,Spargel,,,
978-3-440-12248-8,Biokisten Kochbuch,,Folienspargel mit Zitronenbutter,21,Spargel,,,
978-3-440-12248-8,Biokisten Kochbuch,,Spargel und Radieschen aus dem Wok,22,Spargel; Radieschen; ,,,
978-3-440-12248-8,Biokisten Kochbuch,,Spargelsalat mit Erdbeeren,23,Spargel; Erdbeeren,Salat,,
978-3-440-12248-8,Biokisten Kochbuch,,Mairübchen glasiert,23,Mairübchen,,,
978-3-440-12248-8,Biokisten Kochbuch,,Spinat-Quark-Nocken mit Knoblauch-Kerbel-Butter,25,Spinat; Mangold,,,
978-3-440-12248-8,Biokisten Kochbuch,,Pikanter Kräuterspinat,25,Spinat,,,
978-3-440-12248-8,Biokisten Kochbuch,,Erbsen-Frittata mit Rucola,27,Erbsen; Rucola,,,
978-3-440-12248-8,Biokisten Kochbuch,,Erbsen mit Bärlauchbutter,27,Erbsen; Rucola,,,
978-3-440-12248-8,Biokisten Kochbuch,,Bohnenpüree mit scharfem Gemüse,28,Dicke Bohnen,,,
978-3-440-12248-8,Biokisten Kochbuch,,Dicke-Bohnen-Salat mit Kohlrabi und Feta,30,Dicke Bohnen; Kohlrabi; Radieschen,Salat,,
978-3-440-12248-8,Biokisten Kochbuch,,Bandnudeln mit Käsespinat,31,Spinat,,,
978-3-440-12248-8,Biokisten Kochbuch,,Kräuterravioli mit Gemüsebutter,32,Kräuter; Frühlingszwiebeln,,,
978-3-440-12248-8,Biokisten Kochbuch,,Pochiertes Kalbsfilet mit Frühlingsgemüse und Kerbel-Hollandaise,35,Kalb; Karotten; Mairübchen; Grüner Spargel,,,
978-3-440-12248-8,Biokisten Kochbuch,,Radieschenvinaigrette,35,Radieschen,Dressing,,
978-3-440-12248-8,Biokisten Kochbuch,,Schweinemedaillons mit Chili-Rhabarber,37,Schwein; Rhabarber,,,
978-3-440-12248-8,Biokisten Kochbuch,,Erdbeerpesto,37,Erdbeeren,Saucen,,
978-3-440-12248-8,Biokisten Kochbuch,,Rhabarber-Erdbeer-Chutney mit Chili,38,Rhabarber; Erdbeeren; Feigen,Saucen,,
978-3-440-12248-8,Biokisten Kochbuch,,Rhabarber-Cantuccini-Schichtdessert,39,Rhabarber ,Dessert,,
978-3-440-12248-8,Biokisten Kochbuch,,Erdbeeren mit Balsamico-Sirup,39,Erdbeeren,Dessert,,
978-3-440-12248-8,Biokisten Kochbuch,,Kräuter-Sahne-Sauce,45,Kräuter ,Dressing,,
978-3-440-12248-8,Biokisten Kochbuch,,Tomaten-Käse-Sauce,45,Tomaten,Dressing,,
978-3-440-12248-8,Biokisten Kochbuch,,Zitronenöl,45,Zitronen,Dressing,,
978-3-440-12248-8,Biokisten Kochbuch,,Bohnen-Pfirsich-Salat mit gegrilltem Ziegenkäse,47,Grüne Bohnen; Ziegenkäse; Pfirsiche,Salat,,
978-3-440-12248-8,Biokisten Kochbuch,,Bohnen-Tomaten-Gemüse,47,Grüne Bohnen; Tomaten,,,
978-3-440-12248-8,Biokisten Kochbuch,,Artischocken mit Tomatendip,49,Artischocken; Tomaten,,,
978-3-440-12248-8,Biokisten Kochbuch,,Artischocken mit Eier-Kräuter-Vinaigrette,49,Artischocken ,,,
978-3-440-12248-8,Biokisten Kochbuch,,Auberginenpüree mit Joghurt und Kräutern,51,Auberginen; Kräuter,,,
978-3-440-12248-8,Biokisten Kochbuch,,Gefülltes Gemüse mit Bulgur,52,Zucchini; Hackfleisch,,5,
978-3-440-12248-8,Biokisten Kochbuch,,Auberginen mit Balsamico,54,Auberginen ,,,
978-3-440-12248-8,Biokisten Kochbuch,,Zucchini-Auflauf mit Edelpilzkäse,54,Zucchini; Kartoffeln,,,
978-3-440-12248-8,Biokisten Kochbuch,,Paprikasauce mit Kapern,55,Paprika,Saucen,,
978-3-440-12248-8,Biokisten Kochbuch,,Fenchelpizza mit Rucola,55,Fenchel; Rucola,Pizza,,
978-3-440-12248-8,Biokisten Kochbuch,,Paprikaschoten gegrillt und mariniert,57,Paprika ,,,
978-3-440-12248-8,Biokisten Kochbuch,,Sommer-Ministrone mit Tomatenpesto,58,Tomaten,Suppen,,
978-3-440-12248-8,Biokisten Kochbuch,,Mangoldröllchen mit Auberginenfüllung,61,Mangold; Auberginen; Fenchel,,,
978-3-440-12248-8,Biokisten Kochbuch,,Gebratene Fischfilets mit Ofentomaten,62,Fisch; Tomaten,,,
978-3-440-12248-8,Biokisten Kochbuch,,Gazpacho mit Knoblauchgarnelen,65,Gurken; Tomaten; Garnelen,Suppen,,
978-3-440-12248-8,Biokisten Kochbuch,,Gurken-Apfel-Salat,65,Gurken; Äpfel,Salat,,
978-3-440-12248-8,Biokisten Kochbuch,,Gurken-Tomaten-Gemüse,65,Gurken; Tomaten ,,,
978-3-440-12248-8,Biokisten Kochbuch,,Fenchel-Tomaten-Gemüse mit Hähnchenschenkeln,67,Fenchel; Tomaten; Hähnchen,,,
978-3-440-12248-8,Biokisten Kochbuch,,Maiskolben mit Chili-Zitronen-Butter,69,Mais,,,
978-3-440-12248-8,Biokisten Kochbuch,,Wokgemüse mit Schnittknoblauch,70,Zucchini; Mangold; Mais; Paprika; Fenchel,,,
978-3-440-12248-8,Biokisten Kochbuch,,Maiskörner in Kräutersahne,71,Mais; Kräuter,,,
978-3-440-12248-8,Biokisten Kochbuch,,Mangold mit Kümmel und Paprika,71,Mangold ,,,
978-3-440-12248-8,Biokisten Kochbuch,,Blumenkohlcurry mit Safranreis,73,Blumenkohl,,,
978-3-440-12248-8,Biokisten Kochbuch,,Orecchiette mit scharfem Blumenkohl,73,Blumenkohl,,,
978-3-440-12248-8,Biokisten Kochbuch,,Weißkohlsalat mit Ingwer,81,Weißkohl,Salat,,
978-3-440-12248-8,Biokisten Kochbuch,,Kürbissuppe mit gebratenen Pilzen,83,Kürbis; Pilze; Rucola,Suppen,,
978-3-440-12248-8,Biokisten Kochbuch,,Kürbis-Kokos-Suppe mit Limette,83,Kürbis; Pilze,Suppen,,
978-3-440-12248-8,Biokisten Kochbuch,,Kürbis-Sellerie-Püree,84,Kürbis; Sellerie,,,
978-3-440-12248-8,Biokisten Kochbuch,,Sahnekürbis mit Chili,84,Kürbis,,,
978-3-440-12248-8,Biokisten Kochbuch,,Ofenkürbis mit Feldsalat,85,Kürbis; Feldsalat,,,
978-3-440-12248-8,Biokisten Kochbuch,,Kürbisgratin mit Äpfeln,85,Kürbis; Äpfel,,,
978-3-440-12248-8,Biokisten Kochbuch,,Rüben-Wedges mit Dip und Birnentatar,86,Rote Bete; Karotten; Pastinaken; Petersilienwurzeln,,,
978-3-440-12248-8,Biokisten Kochbuch,,Petersilienwurzelcurry mit Lauch und Fischfilet,89,Petersilienwurzel; Lauch; Fisch,,,
978-3-440-12248-8,Biokisten Kochbuch,,Kohl-Pastinaken-Lasagne mit Meerrettich und Speck,90,Weißkohl; Pastinaken; Meerrettich,,,
978-3-440-12248-8,Biokisten Kochbuch,,Panierte Sellerieschnitzel mit Kapern-Apfel-Remoulade,92,Sellerie,,,
978-3-440-12248-8,Biokisten Kochbuch,,Hähnchenfrikadellen mit Lauch-Trauben-Gemüse,94,Hähnchen; Lauch; Trauben,,,
978-3-440-12248-8,Biokisten Kochbuch,,Wirsingröllchen mit Kastanien-Ricotta-Füllung,97,Kastanien; Wirsing; Lauch,,,
978-3-440-12248-8,Biokisten Kochbuch,,Rotkohlröllchen mit Brätfüllung,97,Rotkohl; Pastinaken; Petersilienwurzeln; Hackfleisch,,,
978-3-440-12248-8,Biokisten Kochbuch,,Bandnudeln mit Pastinaken- und Kohlstreifen,98,Pastinaken; Feldsalat; Wirsing; Weißkohl,,,
978-3-440-12248-8,Biokisten Kochbuch,,Rüben-Kartoffel-Puffer mit Quittenmus,100,Quitten; Steckrüben; Kartoffeln,,,
978-3-440-12248-8,Biokisten Kochbuch,,Quittenrotkohl mit Hirschmedaillons,102,Quitten; Rotkohl; Wild; Hirsch,,,
978-3-440-12248-8,Biokisten Kochbuch,,Hähnchen mit Zuckerhut und Kohl,103,Hähnchen; Weißkohl; Zuckerhut,,,
978-3-440-12248-8,Biokisten Kochbuch,,Rote-Bete-Püree mit Meerrettich,103,Rote Bete; Meerrettich,,,
978-3-440-12248-8,Biokisten Kochbuch,,Zuckerhutgemüse mit Zitronenklößchen,105,Hähnchen; Zuckerhut,,,
978-3-440-12248-8,Biokisten Kochbuch,,Zuckerhut-Kartoffel-Gratin,105,Zuckerhut; Kartoffeln,,,
978-3-440-12248-8,Biokisten Kochbuch,,Meerrettich-Preiselbeer-Dressing,111,Meerrrettich; Preiselbeeren,Dressing,,
978-3-440-12248-8,Biokisten Kochbuch,,Orangen-Kürbiskern-Dressing,111,Orangen,Dressing,,
978-3-440-12248-8,Biokisten Kochbuch,,Ingwer-Sahne-Dressing,111,Ingwer,Dressing,,
978-3-440-12248-8,Biokisten Kochbuch,,Radicchiosalat mit Granatapfelkernen,113,Radicchio; Granatapfel,,,
978-3-440-12248-8,Biokisten Kochbuch,,Lauwarmer Spinatsalat mit Apfelvinaigrette,113,Spinat; Meerrettich,Salat,,
978-3-440-12248-8,Biokisten Kochbuch,,Wintersalate mit Schwarzwurzelröllchen,115,Schwarzwurzeln; Meerrettich,Salat,5,
978-3-440-12248-8,Biokisten Kochbuch,,Wintersalate mit gegrilltem Ziegenkäse,115,Ziegenkäse,Salat,,
978-3-440-12248-8,Biokisten Kochbuch,,Schwarzwurzeln mit Senf-Zitronen-Schaum,117,Schwarzwurzeln,,,
978-3-440-12248-8,Biokisten Kochbuch,,Schwarzwurzeln im Bierteig,117,Schwarzwurzeln,,,
978-3-440-12248-8,Biokisten Kochbuch,,Scharfer Grünkohl mit Bratwürstchen,119,Grünkohl,,,
978-3-440-12248-8,Biokisten Kochbuch,,Grünkohl mit Rosinen und Pinienkernen,119,Grünkohl,,,
978-3-440-12248-8,Biokisten Kochbuch,,Grünkohlpfannkuchen mit Räucherspeck,120,Grünkohl; Meerrettich,,,
978-3-440-12248-8,Biokisten Kochbuch,,Kokossuppe mit Grünkohl,121,Grünkohl,Suppen,,
978-3-440-12248-8,Biokisten Kochbuch,,Schwarzwurzeln mit Orangensauce,122,Schwarzwurzeln; Orangen,,,
978-3-440-12248-8,Biokisten Kochbuch,,Sauerkrautgraupen mit Knusperbrot,123,Sauerkraut; Lauch,,,
978-3-440-12248-8,Biokisten Kochbuch,,Sauerkrautpuffer mit Fetajoghurt,123,Sauerkraut; Kartoffeln,,,
978-3-440-12248-8,Biokisten Kochbuch,,Chicoree-Risotto mit Pecorino,124,Chicoree,Risotto,,
978-3-440-12248-8,Biokisten Kochbuch,,Topinampur-Tajine mit Lamm und Chili-Zitronen-Joghurt,127,Topinampur; Lamm,,,
978-3-440-12248-8,Biokisten Kochbuch,,Topinampur aus der Folie mit Nuss-Orangen-Butter,127,Topinampur; Orangen,,,
978-3-440-12248-8,Biokisten Kochbuch,,Brat-Topinampur mit Käsesauce,129,Topinampur,,,
978-3-440-12248-8,Biokisten Kochbuch,,Topinampur-Gratin mit Apfelkruste,129,Topinampur; Äpfel,,,
978-3-440-12248-8,Biokisten Kochbuch,,Rosenkohl-Wirsing-Gratin mit Kartoffelhaube,130,Rosenkohl; Wirsing; Kartoffeln; Meerrettich,,,
978-3-440-12248-8,Biokisten Kochbuch,,Gratinierter Radicchio mit Gorgonzola und Birne,133,Radicchio; Birnen,,,
978-3-440-12248-8,Biokisten Kochbuch,,Gebratener Radicchio mit Balsamico,133,Radicchio,,,
978-3-440-12248-8,Biokisten Kochbuch,,Rosenkohl mit Walnüssen,134,Rosenkohl,,,
978-3-440-12248-8,Biokisten Kochbuch,,Chicoree aus dem Ofen,134,Chicoree,,,
978-3-440-12248-8,Biokisten Kochbuch,,Winterpüree mit Rosenkohl,135,Rosenkohl; Pastinaken; Petersilienwurzeln; Kartoffeln,,,
978-3-440-12248-8,Biokisten Kochbuch,,Chicoree mit weißen Bohnen,135,Chicoree; Weiße Bohnen; Lauch,,,
978-3-440-12248-8,Biokisten Kochbuch,,Wintereintopf mit Orangen-Kresse-Gremolata,137,Rind; Gulasch; Weißkohl; Wirsing; Spinat; Meerrettich; Sellerie; Kartotten,Suppen; Eintöpfe,,
978-3-440-12248-8,Biokisten Kochbuch,,Linseneintopf,127,Linsen; Hülselnfrüchte; Karotten; Sellerie; Topinampur; Rosenkohl,Suppen; Eintöpfe,,
978-3-440-12242-6,Bald ist Weihnachten,Weihnachten,Hutzelbrot mit getrockneten Früchten,10,,,,
978-3-440-12242-6,Bald ist Weihnachten,Weihnachten,Orangenlikör,13,Orangen,,2,
978-3-440-12242-6,Bald ist Weihnachten,Weihnachten,Limoncello,13,Zitronen,,,
978-3-440-12242-6,Bald ist Weihnachten,Weihnachten,Eierlikör,14,,,,
978-3-440-12242-6,Bald ist Weihnachten,Weihnachten,Linzer Törtchen,16,,,,
978-3-440-12242-6,Bald ist Weihnachten,Weihnachten,Baumkuchen,18,Marzipan,,,
978-3-440-12242-6,Bald ist Weihnachten,Weihnachten,Panforte di Siena,20,,,,
978-3-440-12242-6,Bald ist Weihnachten,Weihnachten,Bratäpfel,23,Äpfel; Marzipan,,,
978-3-440-12242-6,Bald ist Weihnachten,Weihnachten,Speckäpfel,23,Äpfel; Marzipan,,,
978-3-440-12242-6,Bald ist Weihnachten,Weihnachten,Lebkuchen nach Landfrauenart,26,,Plätzchen,5,
978-3-440-12242-6,Bald ist Weihnachten,Weihnachten,Lebkuchen klassisch,27,,Plätzchen,,
978-3-440-12242-6,Bald ist Weihnachten,Weihnachten,Florentiner,28,,Plätzchen,,
978-3-440-12242-6,Bald ist Weihnachten,Weihnachten,Ministollen,30,,,,
978-3-440-12242-6,Bald ist Weihnachten,Weihnachten,Mandarinenkonfitüre mit grünem Pfeffer,33,Mandarinen,Marmelade,,
978-3-440-12242-6,Bald ist Weihnachten,Weihnachten,Kumquats-Konfitüre,33,Kumquats,Marmelade,,
978-3-440-12242-6,Bald ist Weihnachten,Weihnachten,Grapefruitgelee aus rosa Frücjten,35,Grapefruit,Marmelade,,
978-3-440-12242-6,Bald ist Weihnachten,Weihnachten,Orangengelee,35,Orangen; Blutorangen,Marmelade,,
978-3-440-12242-6,Bald ist Weihnachten,Weihnachten,Glühweingelee,35,,Marmelade,,
978-3-440-12242-6,Bald ist Weihnachten,Weihnachten,Knuspermüsli (Geschenk),37,,,,
978-3-440-12242-6,Bald ist Weihnachten,Weihnachten,Nikolaus-Gebäck aus Hefeteig,41,,,,
978-3-440-12242-6,Bald ist Weihnachten,Weihnachten,Panettonini,43,,,,
978-3-440-12242-6,Bald ist Weihnachten,Weihnachten,Glühweinsirup,45,Orangen; Zitronen; Traubensaft,,,
978-3-440-12242-6,Bald ist Weihnachten,Weihnachten,Glühwein auf asiatische Art,47,Ingwer; Zitronengras,,,
978-3-440-12242-6,Bald ist Weihnachten,Weihnachten,Gewürzkuchen im Glas,48,Orangen; Zitronen ,Kuchen im Glas,,
978-3-440-12242-6,Bald ist Weihnachten,Weihnachten,Husarenkrapferln,50,,Plätzchen,,
978-3-440-12242-6,Bald ist Weihnachten,Weihnachten,Buttergebäck schwarz-weiß,54,,Plätzchen,,
978-3-440-12242-6,Bald ist Weihnachten,Weihnachten,Klassisches Buttergebäck,55,,Plätzchen,,
978-3-440-12242-6,Bald ist Weihnachten,Weihnachten,Cantuccini,56,,Plätzchen,4,
978-3-440-12242-6,Bald ist Weihnachten,Weihnachten,Apfel-Chutney,59,Äpfel,Chutney; Saucen,,
978-3-440-12242-6,Bald ist Weihnachten,Weihnachten,Mango-Chutney,59,Mango,Chutney; Saucen,,
978-3-440-12242-6,Bald ist Weihnachten,Weihnachten,Nüsse in Sirup,60,,,,
978-3-440-12242-6,Bald ist Weihnachten,Weihnachten,Kürbiskernpesto,62,,Pesto; Saucen,,
978-3-440-12242-6,Bald ist Weihnachten,Weihnachten,Schokoladenfondue,64,Schokolade,Dessert,,
978-3-440-12242-6,Bald ist Weihnachten,Weihnachten,Vanillekipferln,69,,Plätzchen,,
978-3-440-12242-6,Bald ist Weihnachten,Weihnachten,Nusskipferln,69,,Plätzchen,,
978-3-440-12242-6,Bald ist Weihnachten,Weihnachten,Schokokipferln,69,,Plätzchen,,
978-3-440-12242-6,Bald ist Weihnachten,Weihnachten,Mokkakipferln,69,,Plätzchen,,
978-3-440-12242-6,Bald ist Weihnachten,Weihnachten,"Macarons (Zitrone, Schoko,Pistazie,Himbeer)",71,Zitronen; Schokolade; Pistazien; Himbeeren,"Plätzchen, Macarons",,
978-3-440-12242-6,Bald ist Weihnachten,Weihnachten,Kokosmakronen,73,Kokos,Plätzchen,,
978-3-440-12242-6,Bald ist Weihnachten,Weihnachten,Dattelmakronen,73,Datteln,Plätzchen,,
978-3-440-12242-6,Bald ist Weihnachten,Weihnachten,Kissinger Plätzchen mit Walnüssen,74,Walnüsse,Plätzchen,,
978-3-440-12242-6,Bald ist Weihnachten,Weihnachten,Mohn-Kräcker,78,,Snacks,,
978-3-440-12242-6,Bald ist Weihnachten,Weihnachten,Käsestangen,79,Käse,Snacks,,
978-3-440-12242-6,Bald ist Weihnachten,Weihnachten,Türkisches Konfekt mit Nüssen,80,,,,
978-3-440-12242-6,Bald ist Weihnachten,Weihnachten,Schokolollis miot Chili,82,Schokolade,,,
978-3-440-12242-6,Bald ist Weihnachten,Weihnachten,Marzipan (selbst gemacht),85,Marzipan,,,
978-3-440-12242-6,Bald ist Weihnachten,Weihnachten,Weihnachtsmandeln,86,,,,
978-3-440-12242-6,Bald ist Weihnachten,Weihnachten,Rillettes mit Apfel und Thymian,88,Äpfel,Brotaufstrich,,
978-3-440-12242-6,Bald ist Weihnachten,Weihnachten,Knusperschmalz mit Zwiebeln und Äpfeln,90,Äpfel,Brotaufstrich,,
978-3-440-12242-6,Bald ist Weihnachten,Weihnachten,Sharonfrüchte mit Ingwer und Pistazien,92,Sharonfrucht; Ingwer; Pistazien,Chutney; Saucen,,
978-3-440-12242-6,Bald ist Weihnachten,Weihnachten,Schokotaler mit Kaffee,97,"Schokolade, Kaffee",Plätzchen,,
978-3-440-12242-6,Bald ist Weihnachten,Weihnachten,Heidesand,98,,Plätzchen,,
978-3-440-12242-6,Bald ist Weihnachten,Weihnachten,Zimtstangen,100,,Plätzchen,,
978-3-440-12242-6,Bald ist Weihnachten,Weihnachten,Whiskytrüffel,104,Schokolade,Trüffel; Pralinen,,
978-3-440-12242-6,Bald ist Weihnachten,Weihnachten,Schokotrüffel,105,Schokolade,Trüffel; Pralinen,,
978-3-440-12242-6,Bald ist Weihnachten,Weihnachten,Walnusskonfekt,107,Walnüsse; Pistazien,Pralinen,,
978-3-440-12242-6,Bald ist Weihnachten,Weihnachten,Karamellcreme mit Zimt,109,,Brotaufstrich,,
978-3-440-12242-6,Bald ist Weihnachten,Weihnachten,Schoko-Cupcakes mit Kaffeecreme,110,Schokolade; Kaffee,Muffins,,
978-3-440-12242-6,Bald ist Weihnachten,Weihnachten,Gewürz-Zucker,113,Orangen,,,
978-3-440-12242-6,Bald ist Weihnachten,Weihnachten,Schalotten in Portwein,115,Schalotten,Chutney; Saucen,,
978-3-440-12242-6,Bald ist Weihnachten,Weihnachten,Bauernterrine mit Speck und Haselnüssen,116,Kalb,Brotaufstrich,,
978-3-440-12242-6,Bald ist Weihnachten,Weihnachten,Putenleber-Terrine mit Whisky und Pistazien,119,Pistazien; Pute,Brotaufstrich,,
978-3-440-12242-6,Bald ist Weihnachten,Weihnachten,Chicoree mit Zitronenöl geschmort,123,Chiccoree,,,
978-3-440-12242-6,Bald ist Weihnachten,Weihnachten,Rehrücken mit Kaffeekruste,124,Wild; Reh; Kaffee,,,
978-3-440-12242-6,Bald ist Weihnachten,Weihnachten,Mascarponecreme mir Orangensalat,127,,Dessert,,
978-3-440-12242-6,Bald ist Weihnachten,Weihnachten,Linsensalat mit Räucherfisch,128,Linsen; Hülsenfrüchte; Fisch; Räucherlachs,Salat,,
978-3-440-12242-6,Bald ist Weihnachten,Weihnachten,Rinderfilet mit Salsa verde,131,Rind,,,
978-3-440-12242-6,Bald ist Weihnachten,Weihnachten,Panna Cotta mit Granatapfelsauce,133,Granatapfel,Dessert,,
978-3-440-12242-6,Bald ist Weihnachten,Weihnachten,Rote-Bete-Carpaccio mit Wasabicreme,135,Rote Bete; Wasabi,,,
978-3-440-12242-6,Bald ist Weihnachten,Weihnachten,Weihnachts-Pasta mit Morcheln und Walnüssen,136,Walnüsse; Pilze,,,
978-3-440-12242-6,Bald ist Weihnachten,Weihnachten,Schoko-Tarte mit Marzipansauce,138,Schokolade; Marzipan,"Dessert, Kuchen",,
Zeitschrift 12/13,Lust auf Genuss 12/2013,Suppen,Rote-Bete-Suppe mit Walnuss-Pesto und Engelshaar,7,Rote Bete; Walnüsse,,,
Zeitschrift 12/13,Lust auf Genuss 12/2013,Suppen,Pilz-Consommé mit Trüffel-Kartoffel-Ravioli,9,Pilze; Trüffel; Ziegenkäse,,,
Zeitschrift 12/13,Lust auf Genuss 12/2013,Suppen,Kastaniensüppchen mit pfeffrigem Kirschkrokant,10,Maronen,,,
Zeitschrift 12/13,Lust auf Genuss 12/2013,Suppen,Kürbiscreme mit Ricotta-Nocken,10,Kürbis; Hokkaido,,,
Zeitschrift 12/13,Lust auf Genuss 12/2013,Suppen,Rote-Bete-Suppe mit geräucherter Gänsebrust,11,Rote Bete; Gans,,,
Zeitschrift 12/13,Lust auf Genuss 12/2013,Suppen,Kartoffelcremesuppe mit Trüffelschaum,13,Kartoffeln; Trüffel; Kaviar,,,
Zeitschrift 12/13,Lust auf Genuss 12/2013,Suppen,Scharfe Entensuppe mit Eiernudeln und Sprossen,15,Ente; Sprossen,,,
Zeitschrift 12/13,Lust auf Genuss 12/2013,Suppen,Safransuppe mit Languste,16,Languste; Krustentiere; Safran,,,
Zeitschrift 12/13,Lust auf Genuss 12/2013,Suppen,"Asiatische Perlhuhnsuppe ""Five Spices""",17,Huhn; Szechuan-Pfeffer,,,
Zeitschrift 12/13,Lust auf Genuss 12/2013,Suppen,Fenchelsuppe mit Wolfsbarsch,17,Fenchel; Fisch; Wolfsbarsch,,,
Zeitschrift 12/13,Lust auf Genuss 12/2013,Suppen,Clam Chowder mit Grissini,19,Venusmuscheln; Muscheln,,,
Zeitschrift 12/13,Lust auf Genuss 12/2013,Suppen,Rote Paprikaschaumsuppe mit Ziegenkäse-Ravioli,20,Paprika; Ziegenkäse,,,
Zeitschrift 12/13,Lust auf Genuss 12/2013,Suppen,Kohlrabi-Birnen-Suppe,21,Kohrabi; Birnen; Geflügel,,,
Zeitschrift 12/13,Lust auf Genuss 12/2013,Suppen,Rinder-Boullion mit Mini-Kartoffelknödel,23,Rind,,,
Zeitschrift 12/13,Lust auf Genuss 12/2013,Suppen,Miesmuschelsuppe mit bunten Kartoffelchips,25,Miesmuscheln; Muscheln; Kartoffeln,,,
Zeitschrift 12/13,Lust auf Genuss 12/2013,Suppen,Sellerie-Kartoffel-Schaumsuppe mit Lachs-Tatar,26,Sellerie; Kartoffeln; Fisch; Lachs,,,
Zeitschrift 12/13,Lust auf Genuss 12/2013,Suppen,Geflügel-Consommé mit geröstetem Knoblauch,26,Geflügel,,,
Zeitschrift 12/13,Lust auf Genuss 12/2013,Suppen,Gemüseeintopf mit geratenem Reis,44,Gelbe Linsen; Hülsenfrüchte,Eintöpfe,,
Zeitschrift 12/13,Lust auf Genuss 12/2013,Suppen,Bohneneintopf mit Speck,45,Grüne Bohnen,Eintöpfe,,
Zeitschrift 12/13,Lust auf Genuss 12/2013,Suppen,Klare Brühe mit Fleisch und Salsa Verde,46,Rind,,,
Zeitschrift 12/13,Lust auf Genuss 12/2013,Suppen,Tomatensuppe mit Brokkoli und Parmesan,47,Tomaten; Brokkoli; Parmesan,,,
Zeitschrift 12/13,Lust auf Genuss 12/2013,Suppen,Indische Fischsuppe,48,Fisch; Kokosmilch,Indische Küche,,
Zeitschrift 12/13,Lust auf Genuss 12/2013,Suppen,Steckrüben-Möhren-Topf mit Kochwurst,49,Steckrüben; Karotten,Eintöpfe,,
Zeitschrift 12/13,Lust auf Genuss 12/2013,Suppen,Sauerkrautsuppe mit Meerrettich-Schmand,50,Sauerkraut; Meerrettich,,,
Zeitschrift 12/13,Lust auf Genuss 12/2013,Suppen,Lauch-Kicherebsen-Suppe mit Tomaten-Relish,51,Lauch; Kichererbsen; Tomaten; Hülsenfrüchte,,,
Zeitschrift 12/13,Lust auf Genuss 12/2013,Suppen,Miso-Suppe mit Spinat und Flusskrebsen,52,Spinat; Flusskrebse; Krustentiere,,,
Zeitschrift 12/13,Lust auf Genuss 12/2013,Suppen,Weiße Miso-Suppe mit Nudeln und Gurken,52,Gurken,,,
Zeitschrift 12/13,Lust auf Genuss 12/2013,Suppen,Süßsaure Suppe mit Glasnudeln und Garnelen,53,Garnelen; Krustentiere,,,
Zeitschrift 12/13,Lust auf Genuss 12/2013,Suppen,Persischer Tomateneintopf mit Rosinen-Joghurt,54,Tomaten; Zucchini; Auberginen; Kichererbsen; Hülsenfrüchte,,,
Zeitschrift 12/13,Lust auf Genuss 12/2013,Suppen,Joghurtsuppe mit Lammfiletspießen,68,Lamm,,,
Zeitschrift 12/13,Lust auf Genuss 12/2013,Suppen,Spitzkohlcremesuppe mit Auberginenkroketten,69,Spitzkohl; Kartoffeln; Auberginen,,,
Zeitschrift 12/13,Lust auf Genuss 12/2013,Suppen,Wintergemüse-Eintopf mit Meerrettich-Schmand,69,Rote Bete; Karotten; Petersilienwurzel; Steckrüben; Sellerie; Meerrettich,,,
Zeitschrift 12/13,Lust auf Genuss 12/2013,Suppen,Orientalische Linsensuppe mit Auberginenpesto,70,Linsen; Hülsenfrüchte; Auberginen,,,
Zeitschrift 12/13,Lust auf Genuss 12/2013,Suppen,Lamm-Stew mit Karoffelkruste,71,Lamm; Kartoffeln,,,
Zeitschrift 12/13,Lust auf Genuss 12/2013,Suppen,Perlgraupen-Tomatensuppe mit Chili-Garnelen,71,Perlgraupen; Tomaten; Garnelen; Krustentiere,,,
Zeitschrift 12/13,Lust auf Genuss 12/2013,Suppen,Asiatische Spitzkohlsuppe mit Süßkartoffeln,71,Spizukohl; Süßkartoffeln,,,
Zeitschrift 12/13,Lust auf Genuss 12/2013,Suppen,Scharfe Kartoffelsuppe mit Hackbällchen,72,Kartoffeln; Rind; Lamm; Hackfleisch; Weiße Bohnen; Hülsenfrüchte,,,
Zeitschrift 12/13,Lust auf Genuss 12/2013,Suppen,Tomaten-Kichererbsen-Topf mit Basilikum-Pesto,73,Tomaten; Kichererbsen,,,
Zeitschrift 12/13,Lust auf Genuss 12/2013,Suppen,Möhren-Koriander-Suppe mit Erdnuss-Relish,74,Karotten; Erdnüsse; Kokosmilch,,,
Zeitschrift 12/13,Lust auf Genuss 12/2013,Suppen,Rote Linsensuppe mit Lauchzwiebelrelish,75,Rote Linsen; Hülsenflüchte; Frühlingszwiebeln; Chorizo,,,
Zeitschrift 12/13,Lust auf Genuss 12/2013,Suppen,Dicke Bohnen-Suppe mit Pistazien-Topping,76,Dicke Bohnen; Hülsenfrüchte; Pistazien,,,
Zeitschrift 12/10,Lust auf Genuss 12/2010,Suppen,Pfifferlingsuppe mit Balsamico-Schaum,8,Pfifferlinge; Pilze,,,
Zeitschrift 12/10,Lust auf Genuss 12/2010,Suppen,Tomatensuppe mit Basilikumschaum,9,Tomaten,,,
Zeitschrift 12/10,Lust auf Genuss 12/2010,Suppen,Lauchsuppe mit Trüffelschaum,10,Lauch; Trüffel,,,
Zeitschrift 12/10,Lust auf Genuss 12/2010,Suppen,Currysuppe mit Kokosschaum,10,Kokosmilch,,,
Zeitschrift 12/10,Lust auf Genuss 12/2010,Suppen,Spinatsuppe mit Parmesanschaum,11,Spinat; Parmesan,,,
Zeitschrift 12/10,Lust auf Genuss 12/2010,Suppen,Rinder-Boullion (Grundrezept),15,Rind,Basics,,
Zeitschrift 12/10,Lust auf Genuss 12/2010,Suppen,Hühnerbrühe (Grundrezept),18,Huhn,Basics,,
Zeitschrift 12/10,Lust auf Genuss 12/2010,Suppen,Fischfond (Grundrezept),18,Fisch,Basics,,
Zeitschrift 12/10,Lust auf Genuss 12/2010,Suppen,Gemüsebrühe (Grundrezept),18,Suppengemüse,Basics,,
Zeitschrift 12/10,Lust auf Genuss 12/2010,Suppen,Kräuter-Quark-Nocken,22,Kräuter,Suppeneinlage,,
Zeitschrift 12/10,Lust auf Genuss 12/2010,Suppen,Gewürz-Grieß-Nocken,22,Safran,Suppeneinlage,,
Zeitschrift 12/10,Lust auf Genuss 12/2010,Suppen,Eierstich,22,,Suppeneinlage,,
Zeitschrift 12/10,Lust auf Genuss 12/2010,Suppen,Markklößchen,22,Rind,Suppeneinlage,,
Zeitschrift 12/10,Lust auf Genuss 12/2010,Suppen,Brokkolisuppe mit Mandelblättchen,28,Brokkoli; Mandeln,,,
Zeitschrift 12/10,Lust auf Genuss 12/2010,Suppen,Kürbissuppe mit Madras-Curry,29,Kürbis; Hokkaido,,,
Zeitschrift 12/10,Lust auf Genuss 12/2010,Suppen,Feine Kohlrabisuppe,30,Kohlrabi,,,
Zeitschrift 12/10,Lust auf Genuss 12/2010,Suppen,Möhrensuppe mit Ingwer,32,Karotten; Ingwer,,,
Zeitschrift 12/10,Lust auf Genuss 12/2010,Suppen,Samtige Rote-Bete-Suppe,32,Rote Bete,,,
Zeitschrift 12/10,Lust auf Genuss 12/2010,Suppen,Petersilienwurzelsuppe,32,Petersilienwurzel,,,
Zeitschrift 12/10,Lust auf Genuss 12/2010,Suppen,Paprikasuppe mit Safran,32,Paprika; Safran,,,
Zeitschrift 12/10,Lust auf Genuss 12/2010,Suppen,Rahmsuppe mit Safran,38,Safran,,,
Zeitschrift 12/10,Lust auf Genuss 12/2010,Suppen,Rahmsuppe mit Kräutern,38,Kräuter,,,
Zeitschrift 12/10,Lust auf Genuss 12/2010,Suppen,Rahmsuppe mit Meerrettich,39,Meerrettich,,,
Zeitschrift 12/10,Lust auf Genuss 12/2010,Suppen,Scharfer Bohneneintopf,45,Weiße Bohnen; Hülsenfrüchte; Kidneybohnen; Rind; Hackfleisch,,,
Zeitschrift 12/10,Lust auf Genuss 12/2010,Suppen,Linsenschaumsuppe,46,Berglinsen; Hülsenfrüchte; Suppengemüse,,,
Zeitschrift 12/10,Lust auf Genuss 12/2010,Suppen,Linseneintopf mit Kürbis,46,Kürbis; Hokkaido; Rote Linsen; Hülsenfrüchte; Huhn,,,
Zeitschrift 12/10,Lust auf Genuss 12/2010,Suppen,Erbseneintopf,47,Getrocknete Erbsen; Hülsenfrüchte,,,
Zeitschrift 12/10,Lust auf Genuss 12/2010,Suppen,Minestrone,51,Bohnen; Lauch; Tomaten; Karotten,Italienische Küche,,
Zeitschrift 12/10,Lust auf Genuss 12/2010,Suppen,Boullabaisse,52,Fisch; Tomaten; Lauch; Fenchel,Französische Küche,,
Zeitschrift 12/10,Lust auf Genuss 12/2010,Suppen,Gulaschsuppe,53,Rind; Tomaten; Paprika,Ungarische Küche,,
Zeitschrift 12/10,Lust auf Genuss 12/2010,Suppen,Oxtail Soup,53,Suppengemüse; Ochsenschwanz,Britische Küche,,
Zeitschrift 12/10,Lust auf Genuss 12/2010,Suppen,Wan-Tan-Suppe,54,Garnelen; Krustentiere; Schwein; Pak Choi,Chinesische Küche,,
Zeitschrift 12/10,Lust auf Genuss 12/2010,Suppen,Tom Kha Gai,55,Inger; Huhn; Frühlingszwiebeln; Kokosmilch; Pilze,Thailändische Küche,,
Zeitschrift 12/10,Lust auf Genuss 12/2010,Suppen,Erbsensuppe mit Wasabi,61,Erbsen; Hülsenfrüchte; Wasabi; Räucherlachs; Fisch,,,
Zeitschrift 12/10,Lust auf Genuss 12/2010,Suppen,Thai-Curry-Suppe,62,Garnelen; Krustentiere; Kokosmilch,,,
Zeitschrift 12/10,Lust auf Genuss 12/2010,Suppen,Spanische Waldpilzsuppe,62,Pilze; Chorizo; Frühlingszwiebeln,,,
Zeitschrift 12/10,Lust auf Genuss 12/2010,Suppen,Scharfe Tomatensuppe,63,Ananas; Huhn; Tomaten,,,
Zeitschrift 12/10,Lust auf Genuss 12/2010,Suppen,Klassisches Aromapüree,67,Suppengemüse,Basics,5,
Zeitschrift 12/10,Lust auf Genuss 12/2010,Suppen,Asiatisches Aromapüree,67,,Basics,,
Zeitschrift 12/10,Lust auf Genuss 12/2010,Suppen,Mediterranes Aromapürree,67,,Basics,,
Zeitschrift 12/10,Lust auf Genuss 12/2010,Suppen,Getrockneter Aromamix,68,,Basics,,
Zeitschrift 12/10,Lust auf Genuss 12/2010,Suppen,Weißes Schoko-Mokka-Süppchen,72,Weiße Schokolade; Heidelbeeren,Dessert,,
Zeitschrift 12/10,Lust auf Genuss 12/2010,Suppen,Kokos-Joghurt-Süppchen,73,Kokosmilch; Mango; Bananen; Pflaumen,Dessert,,
Zeitschrift 12/10,Lust auf Genuss 12/2010,Suppen,Zitusfrüchte-Gazpacho,74,Grapefruit; Orangen; Limetten; Mandarinen,Dessert,,
Zeitschrift 12/10,Lust auf Genuss 12/2010,Suppen,Passionsfruchtsüppchen mit Mango und Schokocreme,75,Maracujasaft; Schokolade; Mango,Dessert,,
978-3-86244-185-3,Spanien - Das Kochbuch,Spanische Küche,Katalanisches Tomatenbrot (pan con tomate),132,Tomaten,,,
978-3-86244-185-3,Spanien - Das Kochbuch,Spanische Küche,Süße geröstete Tomaten (tomate confitado),134,Tomaten,Beilagen,,
978-3-86244-185-3,Spanien - Das Kochbuch,Spanische Küche,Geröstete rote Paprikaschoten mit Sardellen (pimientos con anchoas),134,Paprika; Sardellen,Tapas,,
978-3-86244-185-3,Spanien - Das Kochbuch,Spanische Küche,Bunuelos de bacalao,135,Bacalao; Kartoffeln; Fisch,Tapas,,
978-3-86244-185-3,Spanien - Das Kochbuch,Spanische Küche,Gebratener Ziegenkäse mit Honig (queso de cabra con miel),137,Ziegenkäse; Honig,Tapas; Vorspeisen,,
978-3-86244-185-3,Spanien - Das Kochbuch,Spanische Küche,Schinkenkroketten (croquetas de jamon),140,Schinken; Serranoschinken,Tapas; Croquetas,,
978-3-86244-185-3,Spanien - Das Kochbuch,Spanische Küche,Klippfischkroketten (croquetas de bacalao),141,"Kabeljau,; Bacalao",Tapas; Croquetas,,
978-3-86244-185-3,Spanien - Das Kochbuch,Spanische Küche,Caldo de pescado,144,Fisch; Karotten; Sellerie; Lauch; Zwiebel; Petersilie,Basics; Caldo,,
978-3-86244-185-3,Spanien - Das Kochbuch,Spanische Küche,Caldo de pollo,145,Huhn; Karotten; Sellerie; Zwiebel; Lorbeer; Petersile,Basics; Caldo,,
978-3-86244-185-3,Spanien - Das Kochbuch,Spanische Küche,Spanische Vinaigrette (vinagreta),146,Petersilie; Zwiebel; Ei,Dressing; Saucen,,
978-3-86244-185-3,Spanien - Das Kochbuch,Spanische Küche,Petersiliensauce (Mojo de perejil),146,Petersilie,Saucen,,
978-3-86244-185-3,Spanien - Das Kochbuch,Spanische Küche,Tomaten-Zwiebel-Dressing (salmorreta),147,Tomaten; Zwiebel; Petersilie,Dressing; Saucen,,
978-3-86244-185-3,Spanien - Das Kochbuch,Spanische Küche,Tomaten-Vinaigrette (vinagreta de tomaquet),147,Tomaten,Dressing; Saucen,,
978-3-86244-185-3,Spanien - Das Kochbuch,Spanische Küche,Mayonnaise (mayonesa),148,Ei,Saucen; Dips,,
978-3-86244-185-3,Spanien - Das Kochbuch,Spanische Küche,Knoblauchmayonnaise (aioli con huevo),149,Ei; Knoblauch,Saucen; Dips; Tapas,,
978-3-86244-185-3,Spanien - Das Kochbuch,Spanische Küche,Quitten-Alioli mit Fertigmayonnaise (alioli de codony),150,Ei; Knoblauch; Quitten,Saucen; Dips,,
978-3-86244-185-3,Spanien - Das Kochbuch,Spanische Küche,Tomatensauce (salsa de tomate),151,Tomaten; Zwiebel,Saucen,,
978-3-86244-185-3,Spanien - Das Kochbuch,Spanische Küche,Salsa Romesco,152,Paprika; Tomaten; Knoblauch; Mandeln,Saucen; Dips,,
978-3-86244-185-3,Spanien - Das Kochbuch,Spanische Küche,Kalte Tomatensuppe mit hart gekochten Eiern und Schinken,157,Tomaten; Ei; Schinken; Serranoschinken,Suppen,,
978-3-86244-185-3,Spanien - Das Kochbuch,Spanische Küche,Kalte Tomatensuppe (gazpacho rojo de tomates),158,Tomaten; Paprika,Suppen,,
978-3-86244-185-3,Spanien - Das Kochbuch,Spanische Küche,Knoblauchsuppe (sopa de ajo),159,Caldo de pollo; Knoblauch,Suppen,,
978-3-86244-185-3,Spanien - Das Kochbuch,Spanische Küche,Kalte Mandelsuppe mit Knoblauch und Trauben (ajo blanco con uvas),160,"Mandeln; Knoblauch, Trauben",Suppen,,
978-3-86244-185-3,Spanien - Das Kochbuch,Spanische Küche,Klare Brühe mit Schinken und Ei (sopa de picadillo),164,Caldo de pollo; Rinderbrühe; Fadennudeln; Schinken; Serranoschinken; Ei,Suppen,,
978-3-86244-185-3,Spanien - Das Kochbuch,Spanische Küche,Kartoffelsuppe mit Kohl und weißen Bohnen (caldo gallego),167,Caldo de pollo; Speck; Kartoffeln; Grünkohl; Wirsing; Weiße Bohnen; Hülsenfrüchte,Suppen; Eintöpfe,,
978-3-86244-185-3,Spanien - Das Kochbuch,Spanische Küche,Linsensuppe mit Schinken (potaje de lentejas),168,Grüne Linsen; Braune Linsen; Hülsenfrüchte; Karotten; Schinken; Serranoschinken; Tomaten; Caldo de pollo,Suppen; Eintöpfe,,
978-3-86244-185-3,Spanien - Das Kochbuch,Spanische Küche,Kichererbsensuppe mit Spinat (potaje de garbanzos y espinacas),171,Kichererbsen; Hülsenfrüchte; Spinat; Kartoffeln; Ei,Suppen; Eintöpfe,,
978-3-86244-185-3,Spanien - Das Kochbuch,Spanische Küche,Grüne Spargelcremesuppe (crema de esparragos),172,Grüner Spargel; Spargel; Kartoffeln,Suppen,,
978-3-86244-185-3,Spanien - Das Kochbuch,Spanische Küche,Gemüsesuppe mit Erbsen (pure de guisantes),173,Erbsen,Suppen,,
978-3-86244-185-3,Spanien - Das Kochbuch,Spanische Küche,Kürbiscremesuppe (crema de calabaza),174,"Kürbis; Butternusskürbis; Lauch, Karotten",Suppen,,
978-3-86244-185-3,Spanien - Das Kochbuch,Spanische Küche,Kartoffelomelett (tortilla de patatas),179,Kartoffeln; Zwiebel; Ei,Tapas,,
978-3-86244-185-3,Spanien - Das Kochbuch,Spanische Küche,Gemüseomelett (tortilla de la huerta),181,Paprika; Aubergine; Tomaten; Eier,Tapas,,
978-3-86244-185-3,Spanien - Das Kochbuch,Spanische Küche,Klippfischomelett (tortilla de bacalao),182,Frühlingszwiebel; Paprika; Bacalao; Fisch; Ei,Tapas,,
978-3-86244-185-3,Spanien - Das Kochbuch,Spanische Küche,Rührei mit Wildpilzen (revuelto con setas),183,Pilze; Steinpilze; Pfifferlinge; Morcheln; Ei,Rührei,,
978-3-86244-185-3,Spanien - Das Kochbuch,Spanische Küche,Paprika und Tomaten mit Rührei (piperada vasca),185,Paprika; Tomaten; Ei; Schinken; Serranoschinken,Rührei,,
978-3-86244-185-3,Spanien - Das Kochbuch,Spanische Küche,Rührei mit grünem Spargel und Garnelen (revuelto de esparragos con gambas),186,"Grüner Spargel; Spargel; Garnelen, Ei; Meeresfrüchte",Rührei,,
978-3-86244-185-3,Spanien - Das Kochbuch,Spanische Küche,Coca mit Paprika und Auberginen (coca de recapte),190,Paprika; Aubergine; Tomaten,Cocas,,
978-3-86244-185-3,Spanien - Das Kochbuch,Spanische Küche,Coca mit Zwiebeln (coca de cebes),192,Zwiebeln; Schwarze Oliven; Sardellen,Cocas,,
978-3-86244-185-3,Spanien - Das Kochbuch,Spanische Küche,"Coca mit Paprika, Tomaten und Zwiebeln (coca de trempo)",193,Tomaten; Paprika; Zwiebel,Cocas,,
978-3-86244-185-3,Spanien - Das Kochbuch,Spanische Küche,Thunfischpastete (empanada de atun),195,Zwiebel; Paprika; Tomaten; Schwarze Oliven; Thunfisch; Ei,Pasteten; Empanadas,5,
978-3-86244-185-3,Spanien - Das Kochbuch,Spanische Küche,Gefüllte Teigtaschen mit Tomaten; Paprika; Thunfisch (empanadillas de atun y pimiento),196,Paprika; Tomaten; Thunfisch; Schwarze Oliven; Petersilie,Pasteten; Empanadas,,
978-3-86244-185-3,Spanien - Das Kochbuch,Spanische Küche,Lauchtarte (tarta de puerros),199,Lauch; Ei,Tartes; Quiches,,
978-3-86244-185-3,Spanien - Das Kochbuch,Spanische Küche,Fleischpastete (pastel de carne),200,Kalb; Hackfleisch; Schinken; Serranoschinken; Chorizo; Ei,Pasteten,,
978-3-86244-185-3,Spanien - Das Kochbuch,Spanische Küche,Gemüse mit Tomaten-Eier-Vinaigrette (verduras de la huerta con salsa vinagreta),207,Lauch; Kartoffeln; Grüner Spargel; Spargel; Artischocken; Tomaten; Ei,,,
978-3-86244-185-3,Spanien - Das Kochbuch,Spanische Küche,Tomatencreme mit Thunfisch und Eiern (sopeao),208,Tomaten; Paprika; Ei; Thunfisch,,,
978-3-86244-185-3,Spanien - Das Kochbuch,Spanische Küche,Orangensalat (ensalada de naranja),210,Orangen; Romanasalat; Portwein,Salat,,
978-3-86244-185-3,Spanien - Das Kochbuch,Spanische Küche,Gegrilltes Gemüse,210,Spargel: Artischocken; Aubergine; Zucchini; Tomaten; Paprika; Kartoffeln; Pilze,,,vinagreta; salmorreta; alioli; mojo de perejil; salsa romesco
978-3-86244-185-3,Spanien - Das Kochbuch,Spanische Küche,"Salat aus gerösteten Tomaten, Oliven, Eiern und Thunfisch (mojete huertano)",211,Tomaten; Oliven; Ei; Thunfisch,,,
978-3-86244-185-3,Spanien - Das Kochbuch,Spanische Küche,Escalivada,213,Aubergine; Paprika; Zwiebel,Salat; Tapas,,
978-3-86244-185-3,Spanien - Das Kochbuch,Spanische Küche,Ratatouille auf Spanisch (samfaina),214,Zwiebel; Paprika; Aubergine; Zucchini; Tomaten,,,
978-3-86244-185-3,Spanien - Das Kochbuch,Spanische Küche,Zucchini mit Zwiebeln und Oregano (zarangollo),215,Zucchini; Zwiebel; Oregano,,,
978-3-86244-185-3,Spanien - Das Kochbuch,Spanische Küche,Geschmortes Paprika-Tomaten-gemüse (fritada de pimientos y tomates),216,Paprika; Tomaten; Zwiebel,Beilagen,,
978-3-86244-185-3,Spanien - Das Kochbuch,Spanische Küche,Salat von gerösteten Paprikaschoten und Tomaten (pipirrana),217,Paprika; Tomaten,Salat,,
978-3-86244-185-3,Spanien - Das Kochbuch,Spanische Küche,Geschmortes Gemüse (pisto manchego),218,Zwiebel; Paprika; Zucchini; Aubergine; Tomaten,Beilagen,,
978-3-86244-185-3,Spanien - Das Kochbuch,Spanische Küche,Frühlingsgemüsetopf (menestra de primavera),220,Dicke Bohnen; Hülsenfrüchte; Artischocken; Grüner Spargel; Erbsen; Schinken; Serranoschinken,Suppen; Eintöpfe,,
978-3-86244-185-3,Spanien - Das Kochbuch,Spanische Küche,Artischocken mit Grüner Sauce (alcachofas con salsa verde),223,Artischocken;Petersilie,Tapas; Vorspeisen,,
978-3-86244-185-3,Spanien - Das Kochbuch,Spanische Küche,Artischocken in Mandelsauce (alcachofas en salsa blanca),224,Mandeln; Artischocken,Tapas; Vorspeisen,,
978-3-86244-185-3,Spanien - Das Kochbuch,Spanische Küche,Artischocken mit Erbsen (guisantes y alcachofas),225,Artischocken; Erbsen; Serranoschinken; Schinken; Tomaten,,,
978-3-86244-185-3,Spanien - Das Kochbuch,Spanische Küche,"Erbsen, dicke Bohnen und Schinken (guisantes y habas con jamon)",226,Serranoschinken; Schinken; Dicke Bohnen; Hülsenfrüchte; Erbsen; Frühlingszwiebeln,Eintöpfe,,
978-3-86244-185-3,Spanien - Das Kochbuch,Spanische Küche,Eingelegte Champignons mit Zitrone (champinones marinados),228,Champignons; Pilze; Petersilie; Zitrone,Tapas; Vorspeisen,,
978-3-86244-185-3,Spanien - Das Kochbuch,Spanische Küche,Pilzflan (pastel de hongos),229,Pilze; Ei; Petersilie; Sahne,Vorspeisen,,
978-3-86244-185-3,Spanien - Das Kochbuch,Spanische Küche,Knoblauchchampignons (champinones al ajillo),230,Pilze; Champignons; Knoblauch; Petersilie,Tapas,,
978-3-86244-185-3,Spanien - Das Kochbuch,Spanische Küche,Spinat in Bechamelsauce mit hart gekochten Eiern (espinacas con bechamel),232,Spinat; Ei,,,
978-3-86244-185-3,Spanien - Das Kochbuch,Spanische Küche,Spinat mit Rosinen und Pinienkernen (espinacas con pasas y pinones),233,Spinat; Rosinen; Pinienkerne,,,
978-3-86244-185-3,Spanien - Das Kochbuch,Spanische Küche,"Rotkohl mit Äpfeln, Rosinen und Pinienkernen (lombarda a la madrilena)",235,Rotkohl; Rosinen; Äpfel; Pinienkerne,Beilagen,,
978-3-86244-185-3,Spanien - Das Kochbuch,Spanische Küche,Weiße Bohnen mit Maronen (judias blancas con castanas),236,Weiße Bohnen; Hülsenfrüchte; Maronen,Beilagen,,
978-3-86244-185-3,Spanien - Das Kochbuch,Spanische Küche,Stampfkartoffeln mit Olivenöl und Frühlingszwiebeln (patatas alinadas),237,Kartoffeln; Frühlingszwiebeln; Petersilie,Beilagen,,
978-3-86244-185-3,Spanien - Das Kochbuch,Spanische Küche,Winterliches Gemüse (menestra de invierno),237,Karotten; Lauch; Kartoffeln; Blumenkohl; Serranoschinken; Schinken,Beilagen,,
978-3-86244-185-3,Spanien - Das Kochbuch,Spanische Küche,Runzelige Kartoffeln mit roter und grüner Sauce (papas arrugadas y mojos canarios),238,Kartoffeln; Paprika; Koriander; Knoblauch,,,
978-3-86244-185-3,Spanien - Das Kochbuch,Spanische Küche,"Bratkartoffeln mit Zwiebeln, Knoblauch und Ei (patatas a lo pobre con huevos rotos)",242,Kartoffeln; Zwiebel; Ei,Beilagen,,
978-3-86244-185-3,Spanien - Das Kochbuch,Spanische Küche,Gefüllte Artischockenböden (alcachofas rellenas),244,Artischocken; Serranoschinken; Petersilie; Ei,Tapas; Vorspeisen,,
978-3-86244-185-3,Spanien - Das Kochbuch,Spanische Küche,Mit Thunfisch gefüllte Tomaten (tomates rellenos de atunrotos),245,Tomaten; Thunfisch,Vorspeisen,,
978-3-86244-185-3,Spanien - Das Kochbuch,Spanische Küche,Mit Hackfleisch gefüllte Tomaten (tomates rellenos de carne),247,Tomaten; Schwein; Hackfleisch; Serranoschinken; Ei,,,
978-3-86244-185-3,Spanien - Das Kochbuch,Spanische Küche,Gefüllte Paprika mit Reis und Tomatensauce (pimientos rellenos de arroz con salsa de tomates),248,Tomaten; Paprika; Safran; Risottoreis,,,
978-3-86244-185-3,Spanien - Das Kochbuch,Spanische Küche,Gefüllte Auberginen mit Mandeln (berenjenas al horno con almendras),251,Auberginen; Mandeln; Petersilie,,,
978-3-86244-185-3,Spanien - Das Kochbuch,Spanische Küche,"Auberginen, gefüllt mit Hackfleisch (berenjenas rellenas de carne)",253,Auberginen; Schwein; Hackfleisch; Manchego,,,
978-3-86244-185-3,Spanien - Das Kochbuch,Spanische Küche,Fritierte Auberginen mit Honig (berenjenas con miel),254,Auberginen; Honig,Tapas,,
978-3-86244-185-3,Spanien - Das Kochbuch,Spanische Küche,Überbackene Auberginen in Bechamel (berenjenas con queso),257,Auberginen; Manchego; Petersilie,Beilagen,,
978-3-86244-185-3,Spanien - Das Kochbuch,Spanische Küche,Meeresfrüchte-Paella (arroz de la marinera),265,Tomaten; Safran; Kalamare; Meeresfrüchte; Risottoreis; Fischfond; Garnelen; Muscheln; Miesmuscheln,Paella,,
978-3-86244-185-3,Spanien - Das Kochbuch,Spanische Küche,Paella mit geschälten Meeresfrüchten (arroz a la marinera del senorito),266,Kalamare; Meeresfrüchte; Muscheln; Venusmuscheln; Safran; Risottoreis; Fischfond; Garnelen; Petersilie,Paella,,
978-3-86244-185-3,Spanien - Das Kochbuch,Spanische Küche,"Paella mit Huhn, Kaninchen, Schnecken und Bohnen (paella valenciana)",271,Huhn; Kaninchen; Grüne Bohnen; Tomaten; Schnecken; Safran; Weiße Bohnen; Hülsenfrüchte; Risottoreis,Paella,,
978-3-86244-185-3,Spanien - Das Kochbuch,Spanische Küche,Reis mit Champignons (arroz con setas),273,Champignons; Risottoreis,Paella; Risotto,,
978-3-86244-185-3,Spanien - Das Kochbuch,Spanische Küche,Schwarzer Reis mit Tintenfisch (arroz negro),274,Kalamare; Meeresfrüchte; Tintenfisch; Petersilie; Risottoreis,Paella,,alioli
978-3-86244-185-3,Spanien - Das Kochbuch,Spanische Küche,"Cremiger Reis mit Artischocken, dicken Bohnen und Erbsen (arroz meloso con alcachofas, habas y guisantes)",275,Risottoreis; Artischocken; Dicke Bohnen; Erbsen; Paprika,Paella,,
978-3-86244-185-3,Spanien - Das Kochbuch,Spanische Küche,Reis mit Huhn und roten Paprika (arroz con pollo y pimientos),276,Risottoreis; Huhn; Paprika; Safran,Paella,,
978-3-86244-185-3,Spanien - Das Kochbuch,Spanische Küche,Gebackener Reis mit Korinthen und Kichererbsen (arroz al horno con pasas y garbanzos),279,Risottoreis; Rosinen; Kichererbsen; Hülsenfrüchte,Paella,,
978-3-86244-185-3,Spanien - Das Kochbuch,Spanische Küche,Gebackener Reis mit Ei (arroz con costra),280,Risottoreis; Schwein; Bratwürstchen; Kotelett; Huhn; Hähnchenschenkel; Kicherebsen; Ei; Tomaten,Paella,,
978-3-86244-185-3,Spanien - Das Kochbuch,Spanische Küche,"Reis mit Rippchen, Maronen und Fleischbällchen (arroz con cerdo, castanas y pasas)",283,Risottoreis; Schwein; Rippchen; Safran; Rosinen; Maronen; Hackfleisch,Paella,,
978-3-86244-185-3,Spanien - Das Kochbuch,Spanische Küche,,,,,,
978-3-86244-185-3,Spanien - Das Kochbuch,Spanische Küche,,,,,,
978-3-86244-185-3,Spanien - Das Kochbuch,Spanische Küche,,,,,,
978-3-86244-185-3,Spanien - Das Kochbuch,Spanische Küche,,,,,,
978-3-86244-185-3,Spanien - Das Kochbuch,Spanische Küche,,,,,,
978-3-86244-185-3,Spanien - Das Kochbuch,Spanische Küche,,,,,,
978-3-86244-185-3,Spanien - Das Kochbuch,Spanische Küche,,,,,,