ISBN,Titel,Hauptschlagwort Buch,Rezept,Seite,Basiszutaten,Kategorie,Bewertung
978-3-440-12248-8,Biokisten Kochbuch,,Frühlingszwiebelsuppe mit Radieschenblättern,17,Frühlingszwiebeln; Radieschen,,
978-3-440-12248-8,Biokisten Kochbuch,,Frühlingszwiebelgemüse mit Kohlrabi und Kerbel,17,Frühlingszwiebel; Kohlrabi,,
978-3-440-12248-8,Biokisten Kochbuch,,Spargeltarte mit Kartoffelguss,18,Kartoffeln; Grüner Spargel; Kräuter,,
978-3-440-12248-8,Biokisten Kochbuch,,Spargel mit Kerbel-Knoblauch-Pfannkuchen,21,Spargel,,
978-3-440-12248-8,Biokisten Kochbuch,,Folienspargel mit Zitronenbutter,21,Spargel,,
978-3-440-12248-8,Biokisten Kochbuch,,Spargel und Radieschen aus dem Wok,22,Spargel; Radieschen; ,,
978-3-440-12248-8,Biokisten Kochbuch,,Spargelsalat mit Erdbeeren,23,Spargel; Erdbeeren,,
978-3-440-12248-8,Biokisten Kochbuch,,Mairübchen glasiert,23,Mairübchen,,
978-3-440-12248-8,Biokisten Kochbuch,,Spinat-Quark-Nocken mit Knoblauch-Kerbel-Butter,25,Spinat; Mangold,,
978-3-440-12248-8,Biokisten Kochbuch,,Pikanter Kräuterspinat,25,Spinat,,
978-3-440-12248-8,Biokisten Kochbuch,,Erbsen-Frittata mit Rucola,27,Erbsen; Rucola,,
978-3-440-12248-8,Biokisten Kochbuch,,Erbsen mit Bärlauchbutter,27,Erbsen; Rucola,,
978-3-440-12248-8,Biokisten Kochbuch,,Bohnenpüree mit scharfem Gemüse,28,Dicke Bohnen,,
978-3-440-12248-8,Biokisten Kochbuch,,Dicke-Bohnen-Salat mit Kohlrabi und Feta,30,Dicke Bohnen; Kohlrabi; Radieschen,,
978-3-440-12248-8,Biokisten Kochbuch,,Bandnudeln mit Käsespinat,31,Spinat,,
978-3-440-12248-8,Biokisten Kochbuch,,Kräuterravioli mit Gemüsebutter,32,Kräuter; Frühlingszwiebeln,,
978-3-440-12248-8,Biokisten Kochbuch,,Pochiertes Kalbsfilet mit Frühlingsgemüse und Kerbel-Hollandaise,35,Kalb; Karotten; Mairübchen; Grüner Spargel,,
978-3-440-12248-8,Biokisten Kochbuch,,Radieschenvinaigrette,35,Radieschen,,
978-3-440-12248-8,Biokisten Kochbuch,,Schweinemedaillons mit Chili-Rhabarber,37,Schwein; Rhabarber,,
978-3-440-12248-8,Biokisten Kochbuch,,Erdbeerpesto,37,Erdbeeren,Saucen,
978-3-440-12248-8,Biokisten Kochbuch,,Rhabarber-Erdbeer-Chutney mit Chili,38,Rhabarber; Erdbeeren; Feigen,Saucen,
978-3-440-12248-8,Biokisten Kochbuch,,Rhabarber-Cantuccini-Schichtdessert,39,Rhabarber ,Dessert,
978-3-440-12248-8,Biokisten Kochbuch,,Erdbeeren mit Balsamico-Sirup,39,Erdbeeren,Dessert,
978-3-440-12248-8,Biokisten Kochbuch,,Kräuter-Sahne-Sauce,45,Kräuter ,Dressing,
978-3-440-12248-8,Biokisten Kochbuch,,Tomaten-Käse-Sauce,45,Tomaten,Dressing,
978-3-440-12248-8,Biokisten Kochbuch,,Zitronenöl,45,Zitronen,Dressing,
978-3-440-12248-8,Biokisten Kochbuch,,Bohnen-Pfirsich-Salat mit gegrilltem Ziegenkäse,47,Grüne Bohnen; Ziegenkäse; Pfirsiche,,
978-3-440-12248-8,Biokisten Kochbuch,,Bohnen-Tomaten-Gemüse,47,Grüne Bohnen; Tomaten,,
978-3-440-12248-8,Biokisten Kochbuch,,Artischocken mit Tomatendip,49,Artischocken; Tomaten,,
978-3-440-12248-8,Biokisten Kochbuch,,Artischocken mit Eier-Kräuter-Vinaigrette,49,Artischocken ,,
978-3-440-12248-8,Biokisten Kochbuch,,Auberginenpüree mit Joghurt und Kräutern,51,Auberginen; Kräuter,,
978-3-440-12248-8,Biokisten Kochbuch,,Gefülltes Gemüse mit Bulgur,52,Zucchini; Hackfleisch,,5
978-3-440-12248-8,Biokisten Kochbuch,,Auberginen mit Balsamico,54,Auberginen ,,
978-3-440-12248-8,Biokisten Kochbuch,,Zucchini-Auflauf mit Edelpilzkäse,54,Zucchini; Kartoffeln,,
978-3-440-12248-8,Biokisten Kochbuch,,Paprikasauce mit Kapern,55,Paprika,Saucen,
978-3-440-12248-8,Biokisten Kochbuch,,Fenchelpizza mit Rucola,55,Fenchel; Rucola,,
978-3-440-12248-8,Biokisten Kochbuch,,Paprikaschoten gegrillt und mariniert,57,Paprika ,,
978-3-440-12248-8,Biokisten Kochbuch,,Sommer-Ministrone mit Tomatenpesto,58,Tomaten,,
978-3-440-12248-8,Biokisten Kochbuch,,Mangoldröllchen mit Auberginenfüllung,61,Mangold; Auberginen; Fenchel,,
978-3-440-12248-8,Biokisten Kochbuch,,Gebratene Fischfilets mit Ofentomaten,62,Fisch; Tomaten,,
978-3-440-12248-8,Biokisten Kochbuch,,Gazpacho mit Knoblauchgarnelen,65,Gurken; Tomaten; Garnelen,,
978-3-440-12248-8,Biokisten Kochbuch,,Gurken-Apfel-Salat,65,Gurken; Äpfel,,
978-3-440-12248-8,Biokisten Kochbuch,,Gurken-Tomaten-Gebüse,65,Gurken; Tomaten ,,
978-3-440-12248-8,Biokisten Kochbuch,,Fenchel-Tomaten-Gemüse mit Hähnchenschenkeln,67,Fenchel; Tomaten; Hähnchen,,
978-3-440-12248-8,Biokisten Kochbuch,,Maiskolben mit Chili-Zitronen-Butter,69,Mais,,
978-3-440-12248-8,Biokisten Kochbuch,,Wokgemüse mit Schnittknoblauch,70,Zucchini; Mangold; Mais; Paprika; Fenchel,,
978-3-440-12248-8,Biokisten Kochbuch,,Maiskörner in Kräutersahne,71,Mais; Kräuter,,
978-3-440-12248-8,Biokisten Kochbuch,,Mangold mit Kümmel und Paprika,71,Mangold ,,
978-3-440-12248-8,Biokisten Kochbuch,,Blumenkohlcurry mit Safranreis,73,Blumenkohl,,
978-3-440-12248-8,Biokisten Kochbuch,,Orecchiette mit scharfem Blumenkohl,73,Blumenkohl,,
978-3-440-12248-8,Biokisten Kochbuch,,Weißkohlsalat mit Ingwer,81,Weißkohl,,
978-3-440-12248-8,Biokisten Kochbuch,,Kürbissuppe mit gebratenen Pilzen,83,Kürbis; Pilze; Rucola,,
978-3-440-12248-8,Biokisten Kochbuch,,Kürbis-Kokos-Suppe mit Limette,83,Kürbis; Pilze,,
978-3-440-12248-8,Biokisten Kochbuch,,Kürbis-Sellerie-Püree,84,Kürbis; Sellerie,,
978-3-440-12248-8,Biokisten Kochbuch,,Sahnekürbis mit Chili,84,Kürbis,,
978-3-440-12248-8,Biokisten Kochbuch,,Ofenkürbis mit Feldsalat,85,Kürbis; Feldsalat,,
978-3-440-12248-8,Biokisten Kochbuch,,Kürbisgratin mit Äpfeln,85,Kürbis; Äpfel,,
978-3-440-12248-8,Biokisten Kochbuch,,Rüben-Wedges mit Dip und Birnentatar,86,Rote Bete; Karotten; Pastinaken; Petersilienwurzeln,,
978-3-440-12248-8,Biokisten Kochbuch,,Petersilienwurzelcurry mit Lauch und Fischfilet,89,Petersilienwurzel; Lauch; Fisch,,
978-3-440-12248-8,Biokisten Kochbuch,,Kohl-Pastinaken-Lasagne mit Meerrettich und Speck,90,Weißkohl; Pastinaken; Meerrettich,,
978-3-440-12248-8,Biokisten Kochbuch,,Panierte Sellerieschnitzel mit Kapern-Apfel-Remoulade,92,Sellerie,,
978-3-440-12248-8,Biokisten Kochbuch,,Hähnchenfrikadellen mit Lauch-Trauben-Gemüse,94,Hähnchen; Lauch; Trauben,,
978-3-440-12248-8,Biokisten Kochbuch,,Wirsingröllchen mit Kastanien-Ricotta-Füllung,97,Kastanien; Wirsing; Lauch,,
978-3-440-12248-8,Biokisten Kochbuch,,Rotkohlröllchen mit Brätfüllung,97,Rotkohl; Pastinaken; Petersilienwurzeln; Hackfleisch,,
978-3-440-12248-8,Biokisten Kochbuch,,Bandnudeln mit Pastinaken- und Kohlstreifen,98,Pastinaken; Feldsalat; Wirsing; Weißkohl,,
978-3-440-12248-8,Biokisten Kochbuch,,Rüben-Kartoffel-Puffer mit Quittenmus,100,Quitten; Steckrüben; Kartoffeln,,
978-3-440-12248-8,Biokisten Kochbuch,,Quittenrotkohl mit Hirschmedaillons,102,Quitten; Rotkohl; Wild; Hirsch,,
978-3-440-12248-8,Biokisten Kochbuch,,Hähnchen mit Zuckerhut und Kohl,103,Hähnchen; Weißkohl; Zuckerhut,,
978-3-440-12248-8,Biokisten Kochbuch,,Rote-Bete-Püree mit Meerrettich,103,Rote Bete; Meerrettich,,
978-3-440-12248-8,Biokisten Kochbuch,,Zuckerhutgemüse mit Zitronenklößchen,105,Hähnchen; Zuckerhut,,
978-3-440-12248-8,Biokisten Kochbuch,,Zuckerhut-Kartoffel-Gratin,105,Zuckerhut; Kartoffeln,,
978-3-440-12248-8,Biokisten Kochbuch,,Meerrettich-Preiselbeer-Dressing,111,Meerrrettich; Preiselbeer,Dressing,
978-3-440-12248-8,Biokisten Kochbuch,,Orangen-Kürbiskern-Dressing,111,Orangen,Dressing,
978-3-440-12248-8,Biokisten Kochbuch,,Ingwer-Sahne-Dressing,111,,Dressing,
978-3-440-12248-8,Biokisten Kochbuch,,Radicchiosalat mit Granatapfelkernen,113,Radicchio; Granatäpfel,,
978-3-440-12248-8,Biokisten Kochbuch,,Lauwarmer Spinatsalat mit Apfelvinaigrette,113,Spinat; Meerrettich,,
978-3-440-12248-8,Biokisten Kochbuch,,Wintersalate mit Schwarzwurzelröllchen,115,Schwarzwurzeln; Meerrettich,,5
978-3-440-12248-8,Biokisten Kochbuch,,Wintersalate mit gegrilltem Ziegenkäse,115,Ziegenkäse,,
978-3-440-12248-8,Biokisten Kochbuch,,Schwarzwurzeln mit Senf-Zitronen-Schaum,117,Schwarzwurzeln,,
978-3-440-12248-8,Biokisten Kochbuch,,Schwarzwurzeln im Bierteig,117,Schwarzwurzeln,,
978-3-440-12248-8,Biokisten Kochbuch,,Scharfer Grünkohl mit Bratwürstchen,119,Grünkohl,,
978-3-440-12248-8,Biokisten Kochbuch,,Grünkohl mit Rosinen und Pinienkernen,119,Grünkohl,,
978-3-440-12248-8,Biokisten Kochbuch,,Grünkohlpfannkuchen mit Räucherspeck,120,Grünkohl; Meerrettich,,
978-3-440-12248-8,Biokisten Kochbuch,,Kokossuppe mit Grünkohl,121,Grünkohl,,
978-3-440-12248-8,Biokisten Kochbuch,,Schwarzwurzeln mit Orangensauce,122,Schwarzwurzeln; Orangen,,
978-3-440-12248-8,Biokisten Kochbuch,,Sauerkrautgraupen mit Knusperbrot,123,Sauerkraut; Lauch,,
978-3-440-12248-8,Biokisten Kochbuch,,Sauerkrautpuffer mit Fetajoghurt,123,Sauerkraut; Kartoffeln,,
978-3-440-12248-8,Biokisten Kochbuch,,Chicoree-Risotto mit Pecorino,124,Chicoree,,
978-3-440-12248-8,Biokisten Kochbuch,,Topinampur-Tajine mit Lamm und Chili-Zitronen-Joghurt,127,Topinampur; Lamm,,
978-3-440-12248-8,Biokisten Kochbuch,,Topinampur aus der Folie mit Nuss-Orangen-Butter,127,Topinampur; Orangen,,
978-3-440-12248-8,Biokisten Kochbuch,,Brat-Topinampur mit Käsesauce,129,Topinampur,,
978-3-440-12248-8,Biokisten Kochbuch,,Topinampur-Gratin mit Apfelkruste,129,Topinampur; Äpfel,,
978-3-440-12248-8,Biokisten Kochbuch,,Rosenkohl-Wirsing-Gratin mit Kartoffelhaube,130,Rosenkohl; Wirsing; Kartoffeln; Meerrettich,,
978-3-440-12248-8,Biokisten Kochbuch,,Gratinierter Radicchio mit Gorgonzola und Birne,133,Radicchio; Birnen,,
978-3-440-12248-8,Biokisten Kochbuch,,Gebratener Radicchio mit Balsamico,133,Radicchio,,
978-3-440-12248-8,Biokisten Kochbuch,,Rosenkohl mit Walnüssen,134,Rosenkohl,,
978-3-440-12248-8,Biokisten Kochbuch,,Chicoree aus dem Ofen,134,Chicoree,,
978-3-440-12248-8,Biokisten Kochbuch,,Winterpüree mit Rosenkohl,135,Rosenkohl; Pastinaken; Petersilienwurzeln; Kartoffeln,,
978-3-440-12248-8,Biokisten Kochbuch,,Chicoree mit weißen Bohnen,135,Chicoree; Weiße Bohnen; Lauch,,
978-3-440-12248-8,Biokisten Kochbuch,,Wintereintopf mit Orangen-Kresse-Gremolata,137,Rind; Gulasch; Weißkohl; Wirsing; Spinat; Meerrettich; Sellerie; Kartotten,,
978-3-440-12248-8,Biokisten Kochbuch,,Linseneintopf,127,Linsen; Karotten; Sellerie; Topinampur; Rosenkohl,,
978-3-440-12242-6,Bald ist Weihnachten,Weihnachten,Hutzelbrot mit getrockneten Früchten,10,,,
978-3-440-12242-6,Bald ist Weihnachten,Weihnachten,Orangenlikör,13,Orangen,,2
978-3-440-12242-6,Bald ist Weihnachten,Weihnachten,Limoncello,13,Zitronen,,
978-3-440-12242-6,Bald ist Weihnachten,Weihnachten,Eierlikör,14,,,
978-3-440-12242-6,Bald ist Weihnachten,Weihnachten,Linzer Törtchen,16,,,
978-3-440-12242-6,Bald ist Weihnachten,Weihnachten,Baumkuchen,18,Marzipan,,
978-3-440-12242-6,Bald ist Weihnachten,Weihnachten,Panforte di Siena,20,,,
978-3-440-12242-6,Bald ist Weihnachten,Weihnachten,Bratäpfel,23,Äpfel; Marzipan,,
978-3-440-12242-6,Bald ist Weihnachten,Weihnachten,Speckäpfel,23,Äpfel; Marzipan,,
978-3-440-12242-6,Bald ist Weihnachten,Weihnachten,Lebkuchen nach Landfrauenart,26,,,5
978-3-440-12242-6,Bald ist Weihnachten,Weihnachten,Lebkuchen klassisch,27,,,
978-3-440-12242-6,Bald ist Weihnachten,Weihnachten,Florentiner,28,,,
978-3-440-12242-6,Bald ist Weihnachten,Weihnachten,Ministollen,30,,,
978-3-440-12242-6,Bald ist Weihnachten,Weihnachten,Mandarinenkonfitüre mit grünem Pfeffer,33,Mandarinen,Marmelade,
978-3-440-12242-6,Bald ist Weihnachten,Weihnachten,Kumquats-Konfitüre,33,Kumquats,Marmelade,
